{
  "tqi": 3.268151848182235,
  "coverage_score": 1.3431730950376106,
  "speed_score": 5.193130601326859,
  "reliability_mean_cv": 0.14035261175779432,
  "time_profile": {
    "06:00": 4.22561034184161,
    "06:15": 4.264803103946545,
    "06:30": 4.84568730423724,
    "06:45": 4.638415717722588,
    "07:00": 4.796094874929408,
    "07:15": 4.566426151262197,
    "07:30": 5.18164893368459,
    "07:45": 4.706198795070688,
    "08:00": 4.38954175340612,
    "08:15": 4.059337185191211,
    "08:30": 4.250087309718301,
    "08:45": 4.079746877741753,
    "09:00": 4.636854079483304,
    "09:15": 3.9394262866807686,
    "09:30": 3.9340784632771024,
    "09:45": 4.5601487208944285,
    "10:00": 5.5171993297103965,
    "10:15": 3.733292180225929,
    "10:30": 4.119801277574079,
    "10:45": 3.4330456522224404,
    "11:00": 3.7193248603302367,
    "11:15": 3.6379308410494406,
    "11:30": 3.6608617521384694,
    "11:45": 3.4331263528173928,
    "12:00": 3.796818881242563,
    "12:15": 3.731332260397353,
    "12:30": 4.2301711326551015,
    "12:45": 3.5908465101593197,
    "13:00": 3.9525689453545603,
    "13:15": 3.8150578561727557,
    "13:30": 4.138849494630152,
    "13:45": 3.450455625293119,
    "14:00": 4.047011474140632,
    "14:15": 3.814906883998938,
    "14:30": 3.955442920712793,
    "14:45": 3.9793805587146522,
    "15:00": 4.482445546247164,
    "15:15": 4.402024400314038,
    "15:30": 4.078163855192894,
    "15:45": 3.7459385447712448,
    "16:00": 3.7848449201745034,
    "16:15": 3.659703941979479,
    "16:30": 4.1736111062643655,
    "16:45": 3.7485326256041316,
    "17:00": 4.126533790048243,
    "17:15": 4.062586057839771,
    "17:30": 4.639679756581265,
    "17:45": 4.250640116608185,
    "18:00": 4.969833003687182,
    "18:15": 5.47035972857128,
    "18:30": 4.723481409194853,
    "18:45": 3.8498506915542547,
    "19:00": 3.9719947300263443,
    "19:15": 4.035776357344986,
    "19:30": 4.040553758575421,
    "19:45": 4.750041499668099,
    "20:00": 3.6380974997356117,
    "20:15": 3.883523033505801,
    "20:30": 4.126715802873581,
    "20:45": 4.331487873925919,
    "21:00": 4.070623850180884,
    "21:15": 4.825384703396479,
    "21:30": 4.63124876740309,
    "21:45": 3.964468580394578
  },
  "grid_points": 4678,
  "stops": 272,
  "detailed": {
    "transit_desert_pct": 78.60196665241557,
    "origins_with_service": 1001,
    "reachability_rate_pct": 3.96785920614516,
    "mean_tsr_kmh": 6.817595710464401,
    "median_tsr_kmh": 6.508418622577833,
    "trips_slower_than_walking_pct": 0.0056550445882954424,
    "mean_travel_time_min": 52.459483903508165,
    "median_travel_time_min": 51.917716823947714,
    "max_origin_reachability_pct": 11.603850470286448
  }
}