{
  "tqi": 3.1887101263189734,
  "coverage_score": 1.1471089508737795,
  "speed_score": 5.230311301764168,
  "reliability_mean_cv": 0.1410260241033631,
  "time_profile": {
    "06:00": 0.1318828004118455,
    "06:15": 0.8121220422148924,
    "06:30": 1.5541745186377536,
    "06:45": 1.7963029195325058,
    "07:00": 2.8508443131676637,
    "07:15": 3.7514413374750317,
    "07:30": 4.149859316703183,
    "07:45": 3.128912500120943,
    "08:00": 3.601410177781538,
    "08:15": 4.09901373992693,
    "08:30": 4.801484056673676,
    "08:45": 4.087675049065582,
    "09:00": 4.138137673833719,
    "09:15": 4.603748146538645,
    "09:30": 4.225048026300543,
    "09:45": 3.778095018313053,
    "10:00": 3.9800297067838124,
    "10:15": 3.864908015600205,
    "10:30": 4.082470635419728,
    "10:45": 3.8113844204552656,
    "11:00": 3.4776722006352636,
    "11:15": 4.222584891700781,
    "11:30": 3.7148265164948815,
    "11:45": 4.339791347838132,
    "12:00": 3.8669396256039215,
    "12:15": 4.6736329343563465,
    "12:30": 4.380766228717883,
    "12:45": 4.542382677689938,
    "13:00": 4.357104807096562,
    "13:15": 4.362549093269347,
    "13:30": 4.051790621320452,
    "13:45": 4.121473203567369,
    "14:00": 3.6864656435166356,
    "14:15": 4.354967739007438,
    "14:30": 4.009159297423354,
    "14:45": 4.148250748953358,
    "15:00": 3.837946610808273,
    "15:15": 4.585406604142394,
    "15:30": 4.007679839403269,
    "15:45": 3.899922637726725,
    "16:00": 3.731564703269515,
    "16:15": 4.279965648827186,
    "16:30": 3.8007571089671663,
    "16:45": 4.636036948206766,
    "17:00": 4.681303030936606,
    "17:15": 5.105970581379409,
    "17:30": 4.171137272402401,
    "17:45": 3.871111511253516,
    "18:00": 3.7913831911108877,
    "18:15": 4.555454736170652,
    "18:30": 4.197223380867539,
    "18:45": 3.543864096701887,
    "19:00": 3.8859948091948193,
    "19:15": 4.3614662870612815,
    "19:30": 4.701032180677002,
    "19:45": 4.483470722828362,
    "20:00": 3.707509555119966,
    "20:15": 3.796066312954256,
    "20:30": 3.9754730450978064,
    "20:45": 4.021033049727165,
    "21:00": 3.6346275588943775,
    "21:15": 4.041891333287723,
    "21:30": 3.8215775393926688,
    "21:45": 4.366040447699992
  },
  "grid_points": 4678,
  "stops": 256,
  "detailed": {
    "transit_desert_pct": 79.67079948696025,
    "origins_with_service": 951,
    "reachability_rate_pct": 3.4402998798766014,
    "mean_tsr_kmh": 6.830608955617459,
    "median_tsr_kmh": 6.558519911538301,
    "trips_slower_than_walking_pct": 0.007853295122837514,
    "mean_travel_time_min": 52.00532493368812,
    "median_travel_time_min": 51.64540006934731,
    "max_origin_reachability_pct": 10.505290722530997
  }
}